<?xml version="1.0" encoding="UTF-8"?>
<folder exportedWithPermissions="true">
    <parent>/public/Samples/FreshCoffee/Ad_Hoc_Views</parent>
    <name>Cafe</name>
    <label>Cafe</label>
    <description></description>
    <creationDate>2018-03-21T16:23:11.340-07:00</creationDate>
    <updateDate>2017-07-14T13:24:55.685-07:00</updateDate>
    <resource>Drink_List</resource>
    <resource>Ingredient_List</resource>
    <resource>Ingredient_List___Coffee</resource>
    <resource>Ingredient_List___Cream</resource>
    <resource>Ingredient_List___Espresso</resource>
    <resource>Ingredient_List___Liquor</resource>
    <resource>Ingredient_List___Milk</resource>
    <resource>Ingredient_List___Syrup</resource>
    <resource>Ingredient_List___Water</resource>
    <resource>Ingredient_Listing_and_Ratings___Treemap</resource>
    <resource>Ingredient_Listing_and_Ratings_by_Country</resource>
    <resource>Ingredient_Percentages</resource>
</folder>
