<?xml version="1.0" encoding="UTF-8"?>
<adhocDataView exportedWithPermissions="true">
    <folder>/public/Samples/FreshCoffee/Ad_Hoc_Views/Cafe</folder>
    <name>Drink_List</name>
    <version>0</version>
    <label>Drink List</label>
    <description></description>
    <creationDate>2018-03-21T16:23:11.991-07:00</creationDate>
    <updateDate>2017-10-27T12:54:54.439-07:00</updateDate>
    <dataSource>
        <uri>/public/Samples/FreshCoffee/Domains/urban_coffee</uri>
    </dataSource>
    <inputControl>
        <localResource
            xmlns:xsi="http://www.w3.org/2001/XMLSchema-instance"
            exportedWithPermissions="false" xsi:type="inputControl">
            <folder>/public/Samples/FreshCoffee/Ad_Hoc_Views/Cafe/Drink_List_files</folder>
            <name>drink_name_1</name>
            <version>0</version>
            <label>drink_name</label>
            <creationDate>2018-03-21T16:23:11.991-07:00</creationDate>
            <updateDate>2017-10-27T12:54:54.439-07:00</updateDate>
            <type>7</type>
            <mandatory>false</mandatory>
            <readOnly>false</readOnly>
            <visible>true</visible>
            <query>
                <localResource exportedWithPermissions="false" xsi:type="query">
                    <folder>/public/Samples/FreshCoffee/Ad_Hoc_Views/Cafe/Drink_List_files/drink_name_1_files</folder>
                    <name>drink_name_1</name>
                    <version>0</version>
                    <label>drink_name</label>
                    <creationDate>2018-03-21T16:23:11.991-07:00</creationDate>
                    <updateDate>2017-10-27T12:54:54.439-07:00</updateDate>
                    <language>domain</language>
                    <queryString>&lt;?xml version="1.0" encoding="UTF-8"?&gt;
&lt;query xmlns="http://www.jaspersoft.com/2007/SL/XMLSchema"&gt;
  &lt;groupList&gt;
    &lt;group columnName="public_drink.drink_name" /&gt;
  &lt;/groupList&gt;
  &lt;queryFields&gt;
    &lt;queryField id="public_drink.drink_name" /&gt;
    &lt;queryField id="drink_name" /&gt;
  &lt;/queryFields&gt;
&lt;/query&gt;

</queryString>
                    <dataSource>
                        <uri>/public/Samples/FreshCoffee/Domains/urban_coffee</uri>
                    </dataSource>
                </localResource>
            </query>
            <queryVisibleColumn>public_drink.drink_name</queryVisibleColumn>
            <queryValueColumn>public_drink.drink_name</queryValueColumn>
        </localResource>
    </inputControl>
    <inputControl>
        <localResource
            xmlns:xsi="http://www.w3.org/2001/XMLSchema-instance"
            exportedWithPermissions="false" xsi:type="inputControl">
            <folder>/public/Samples/FreshCoffee/Ad_Hoc_Views/Cafe/Drink_List_files</folder>
            <name>fl_oz_1</name>
            <version>0</version>
            <label>fl_oz</label>
            <creationDate>2018-03-21T16:23:11.991-07:00</creationDate>
            <updateDate>2017-10-27T12:54:54.439-07:00</updateDate>
            <type>7</type>
            <mandatory>false</mandatory>
            <readOnly>false</readOnly>
            <visible>true</visible>
            <query>
                <localResource exportedWithPermissions="false" xsi:type="query">
                    <folder>/public/Samples/FreshCoffee/Ad_Hoc_Views/Cafe/Drink_List_files/fl_oz_1_files</folder>
                    <name>fl_oz_1</name>
                    <version>0</version>
                    <label>fl_oz</label>
                    <creationDate>2018-03-21T16:23:11.991-07:00</creationDate>
                    <updateDate>2017-10-27T12:54:54.439-07:00</updateDate>
                    <language>domain</language>
                    <queryString>&lt;?xml version="1.0" encoding="UTF-8"?&gt;
&lt;query xmlns="http://www.jaspersoft.com/2007/SL/XMLSchema"&gt;
  &lt;groupList&gt;
    &lt;group columnName="public_drink.fl_oz" /&gt;
  &lt;/groupList&gt;
  &lt;queryFields&gt;
    &lt;queryField id="public_drink.fl_oz" /&gt;
    &lt;queryField id="fl_oz" /&gt;
  &lt;/queryFields&gt;
&lt;/query&gt;

</queryString>
                    <dataSource>
                        <uri>/public/Samples/FreshCoffee/Domains/urban_coffee</uri>
                    </dataSource>
                </localResource>
            </query>
            <queryVisibleColumn>public_drink.fl_oz</queryVisibleColumn>
            <queryValueColumn>public_drink.fl_oz</queryValueColumn>
        </localResource>
    </inputControl>
    <inputControl>
        <localResource
            xmlns:xsi="http://www.w3.org/2001/XMLSchema-instance"
            exportedWithPermissions="false" xsi:type="inputControl">
            <folder>/public/Samples/FreshCoffee/Ad_Hoc_Views/Cafe/Drink_List_files</folder>
            <name>calories_1</name>
            <version>0</version>
            <label>calories</label>
            <creationDate>2018-03-21T16:23:11.991-07:00</creationDate>
            <updateDate>2017-10-27T12:54:54.439-07:00</updateDate>
            <type>7</type>
            <mandatory>false</mandatory>
            <readOnly>false</readOnly>
            <visible>true</visible>
            <query>
                <localResource exportedWithPermissions="false" xsi:type="query">
                    <folder>/public/Samples/FreshCoffee/Ad_Hoc_Views/Cafe/Drink_List_files/calories_1_files</folder>
                    <name>calories_1</name>
                    <version>0</version>
                    <label>calories</label>
                    <creationDate>2018-03-21T16:23:11.991-07:00</creationDate>
                    <updateDate>2017-10-27T12:54:54.439-07:00</updateDate>
                    <language>domain</language>
                    <queryString>&lt;?xml version="1.0" encoding="UTF-8"?&gt;
&lt;query xmlns="http://www.jaspersoft.com/2007/SL/XMLSchema"&gt;
  &lt;groupList&gt;
    &lt;group columnName="public_drink.calories" /&gt;
  &lt;/groupList&gt;
  &lt;queryFields&gt;
    &lt;queryField id="public_drink.calories" /&gt;
    &lt;queryField id="calories" /&gt;
  &lt;/queryFields&gt;
&lt;/query&gt;

</queryString>
                    <dataSource>
                        <uri>/public/Samples/FreshCoffee/Domains/urban_coffee</uri>
                    </dataSource>
                </localResource>
            </query>
            <queryVisibleColumn>public_drink.calories</queryVisibleColumn>
            <queryValueColumn>public_drink.calories</queryValueColumn>
        </localResource>
    </inputControl>
    <inputControl>
        <localResource
            xmlns:xsi="http://www.w3.org/2001/XMLSchema-instance"
            exportedWithPermissions="false" xsi:type="inputControl">
            <folder>/public/Samples/FreshCoffee/Ad_Hoc_Views/Cafe/Drink_List_files</folder>
            <name>popularity_1</name>
            <version>0</version>
            <label>popularity</label>
            <creationDate>2018-03-21T16:23:11.991-07:00</creationDate>
            <updateDate>2017-10-27T12:54:54.439-07:00</updateDate>
            <type>7</type>
            <mandatory>false</mandatory>
            <readOnly>false</readOnly>
            <visible>true</visible>
            <query>
                <localResource exportedWithPermissions="false" xsi:type="query">
                    <folder>/public/Samples/FreshCoffee/Ad_Hoc_Views/Cafe/Drink_List_files/popularity_1_files</folder>
                    <name>popularity_1</name>
                    <version>0</version>
                    <label>popularity</label>
                    <creationDate>2018-03-21T16:23:11.991-07:00</creationDate>
                    <updateDate>2017-10-27T12:54:54.439-07:00</updateDate>
                    <language>domain</language>
                    <queryString>&lt;?xml version="1.0" encoding="UTF-8"?&gt;
&lt;query xmlns="http://www.jaspersoft.com/2007/SL/XMLSchema"&gt;
  &lt;groupList&gt;
    &lt;group columnName="public_drink.popularity" /&gt;
  &lt;/groupList&gt;
  &lt;queryFields&gt;
    &lt;queryField id="popularity" /&gt;
    &lt;queryField id="public_drink.popularity" /&gt;
  &lt;/queryFields&gt;
&lt;/query&gt;

</queryString>
                    <dataSource>
                        <uri>/public/Samples/FreshCoffee/Domains/urban_coffee</uri>
                    </dataSource>
                </localResource>
            </query>
            <queryVisibleColumn>public_drink.popularity</queryVisibleColumn>
            <queryValueColumn>public_drink.popularity</queryValueColumn>
        </localResource>
    </inputControl>
    <inputControl>
        <localResource
            xmlns:xsi="http://www.w3.org/2001/XMLSchema-instance"
            exportedWithPermissions="false" xsi:type="inputControl">
            <folder>/public/Samples/FreshCoffee/Ad_Hoc_Views/Cafe/Drink_List_files</folder>
            <name>hot_cold_1</name>
            <version>0</version>
            <label>hot_cold</label>
            <creationDate>2018-03-21T16:23:11.991-07:00</creationDate>
            <updateDate>2017-10-27T12:54:54.439-07:00</updateDate>
            <type>7</type>
            <mandatory>false</mandatory>
            <readOnly>false</readOnly>
            <visible>true</visible>
            <query>
                <localResource exportedWithPermissions="false" xsi:type="query">
                    <folder>/public/Samples/FreshCoffee/Ad_Hoc_Views/Cafe/Drink_List_files/hot_cold_1_files</folder>
                    <name>hot_cold_1</name>
                    <version>0</version>
                    <label>hot_cold</label>
                    <creationDate>2018-03-21T16:23:11.991-07:00</creationDate>
                    <updateDate>2017-10-27T12:54:54.439-07:00</updateDate>
                    <language>domain</language>
                    <queryString>&lt;?xml version="1.0" encoding="UTF-8"?&gt;
&lt;query xmlns="http://www.jaspersoft.com/2007/SL/XMLSchema"&gt;
  &lt;groupList&gt;
    &lt;group columnName="public_drink.hot_cold" /&gt;
  &lt;/groupList&gt;
  &lt;queryFields&gt;
    &lt;queryField id="public_drink.hot_cold" /&gt;
    &lt;queryField id="hot_cold" /&gt;
  &lt;/queryFields&gt;
&lt;/query&gt;

</queryString>
                    <dataSource>
                        <uri>/public/Samples/FreshCoffee/Domains/urban_coffee</uri>
                    </dataSource>
                </localResource>
            </query>
            <queryVisibleColumn>public_drink.hot_cold</queryVisibleColumn>
            <queryValueColumn>public_drink.hot_cold</queryValueColumn>
        </localResource>
    </inputControl>
    <inputControl>
        <localResource
            xmlns:xsi="http://www.w3.org/2001/XMLSchema-instance"
            exportedWithPermissions="false" xsi:type="inputControl">
            <folder>/public/Samples/FreshCoffee/Ad_Hoc_Views/Cafe/Drink_List_files</folder>
            <name>caf_perc_1</name>
            <version>0</version>
            <label>caf_perc is between</label>
            <creationDate>2018-03-21T16:23:11.991-07:00</creationDate>
            <updateDate>2017-10-27T12:54:54.439-07:00</updateDate>
            <type>2</type>
            <mandatory>false</mandatory>
            <readOnly>false</readOnly>
            <visible>true</visible>
            <dataType>
                <localResource exportedWithPermissions="false" xsi:type="dataType">
                    <folder>/public/Samples/FreshCoffee/Ad_Hoc_Views/Cafe/Drink_List_files/caf_perc_1_files</folder>
                    <name>number</name>
                    <version>0</version>
                    <label>Number</label>
                    <creationDate>2018-03-21T16:23:11.991-07:00</creationDate>
                    <updateDate>2017-10-27T12:54:54.439-07:00</updateDate>
                    <type>2</type>
                    <strictMin>false</strictMin>
                    <strictMax>false</strictMax>
                </localResource>
            </dataType>
        </localResource>
    </inputControl>
    <inputControl>
        <localResource
            xmlns:xsi="http://www.w3.org/2001/XMLSchema-instance"
            exportedWithPermissions="false" xsi:type="inputControl">
            <folder>/public/Samples/FreshCoffee/Ad_Hoc_Views/Cafe/Drink_List_files</folder>
            <name>caf_perc_2</name>
            <version>0</version>
            <label>and</label>
            <creationDate>2018-03-21T16:23:11.991-07:00</creationDate>
            <updateDate>2017-10-27T12:54:54.439-07:00</updateDate>
            <type>2</type>
            <mandatory>false</mandatory>
            <readOnly>false</readOnly>
            <visible>true</visible>
            <dataType>
                <localResource exportedWithPermissions="false" xsi:type="dataType">
                    <folder>/public/Samples/FreshCoffee/Ad_Hoc_Views/Cafe/Drink_List_files/caf_perc_2_files</folder>
                    <name>number</name>
                    <version>0</version>
                    <label>Number</label>
                    <creationDate>2018-03-21T16:23:11.991-07:00</creationDate>
                    <updateDate>2017-10-27T12:54:54.439-07:00</updateDate>
                    <type>2</type>
                    <strictMin>false</strictMin>
                    <strictMax>false</strictMax>
                </localResource>
            </dataType>
        </localResource>
    </inputControl>
    <inputControl>
        <localResource
            xmlns:xsi="http://www.w3.org/2001/XMLSchema-instance"
            exportedWithPermissions="false" xsi:type="inputControl">
            <folder>/public/Samples/FreshCoffee/Ad_Hoc_Views/Cafe/Drink_List_files</folder>
            <name>sug_perc_1</name>
            <version>0</version>
            <label>sug_perc is between</label>
            <creationDate>2018-03-21T16:23:11.991-07:00</creationDate>
            <updateDate>2017-10-27T12:54:54.439-07:00</updateDate>
            <type>2</type>
            <mandatory>false</mandatory>
            <readOnly>false</readOnly>
            <visible>true</visible>
            <dataType>
                <localResource exportedWithPermissions="false" xsi:type="dataType">
                    <folder>/public/Samples/FreshCoffee/Ad_Hoc_Views/Cafe/Drink_List_files/sug_perc_1_files</folder>
                    <name>number</name>
                    <version>0</version>
                    <label>Number</label>
                    <creationDate>2018-03-21T16:23:11.991-07:00</creationDate>
                    <updateDate>2017-10-27T12:54:54.439-07:00</updateDate>
                    <type>2</type>
                    <strictMin>false</strictMin>
                    <strictMax>false</strictMax>
                </localResource>
            </dataType>
        </localResource>
    </inputControl>
    <inputControl>
        <localResource
            xmlns:xsi="http://www.w3.org/2001/XMLSchema-instance"
            exportedWithPermissions="false" xsi:type="inputControl">
            <folder>/public/Samples/FreshCoffee/Ad_Hoc_Views/Cafe/Drink_List_files</folder>
            <name>sug_perc_2</name>
            <version>0</version>
            <label>and</label>
            <creationDate>2018-03-21T16:23:11.991-07:00</creationDate>
            <updateDate>2017-10-27T12:54:54.439-07:00</updateDate>
            <type>2</type>
            <mandatory>false</mandatory>
            <readOnly>false</readOnly>
            <visible>true</visible>
            <dataType>
                <localResource exportedWithPermissions="false" xsi:type="dataType">
                    <folder>/public/Samples/FreshCoffee/Ad_Hoc_Views/Cafe/Drink_List_files/sug_perc_2_files</folder>
                    <name>number</name>
                    <version>0</version>
                    <label>Number</label>
                    <creationDate>2018-03-21T16:23:11.991-07:00</creationDate>
                    <updateDate>2017-10-27T12:54:54.439-07:00</updateDate>
                    <type>2</type>
                    <strictMin>false</strictMin>
                    <strictMax>false</strictMax>
                </localResource>
            </dataType>
        </localResource>
    </inputControl>
    <resource>
        <localResource
            xmlns:xsi="http://www.w3.org/2001/XMLSchema-instance"
            exportedWithPermissions="false" dataFile="topicJRXML.data" xsi:type="fileResource">
            <folder>/public/Samples/FreshCoffee/Ad_Hoc_Views/Cafe/Drink_List_files</folder>
            <name>topicJRXML</name>
            <version>0</version>
            <label>topicJRXML</label>
            <creationDate>2018-03-21T16:23:11.991-07:00</creationDate>
            <updateDate>2017-10-27T12:54:54.439-07:00</updateDate>
            <fileType>jrxml</fileType>
        </localResource>
    </resource>
    <resource>
        <localResource
            xmlns:xsi="http://www.w3.org/2001/XMLSchema-instance"
            exportedWithPermissions="false" dataFile="stateXML.data" xsi:type="fileResource">
            <folder>/public/Samples/FreshCoffee/Ad_Hoc_Views/Cafe/Drink_List_files</folder>
            <name>stateXML</name>
            <version>0</version>
            <label>stateXML</label>
            <creationDate>2018-03-21T16:23:11.991-07:00</creationDate>
            <updateDate>2017-10-27T12:54:54.439-07:00</updateDate>
            <fileType>xml</fileType>
        </localResource>
    </resource>
    <alwaysPromptControls>false</alwaysPromptControls>
    <controlsLayout>1</controlsLayout>
</adhocDataView>
