<?xml version="1.0" encoding="UTF-8"?>
<adhocDataView exportedWithPermissions="true">
    <folder>/public/Samples/FreshCoffee/Ad_Hoc_Views/Cafe</folder>
    <name>Ingredient_List___Milk</name>
    <version>4</version>
    <label>Ingredient List - Milk</label>
    <description></description>
    <creationDate>2018-03-21T16:23:12.419-07:00</creationDate>
    <updateDate>2018-05-03T12:28:51.388-07:00</updateDate>
    <dataSource>
        <uri>/public/Samples/FreshCoffee/Domains/urban_coffee</uri>
    </dataSource>
    <inputControl>
        <localResource
            xmlns:xsi="http://www.w3.org/2001/XMLSchema-instance"
            exportedWithPermissions="false" xsi:type="inputControl">
            <folder>/public/Samples/FreshCoffee/Ad_Hoc_Views/Cafe/Ingredient_List___Milk_files</folder>
            <name>type_1</name>
            <version>1</version>
            <label>Type</label>
            <creationDate>2018-05-03T12:28:51.388-07:00</creationDate>
            <updateDate>2018-05-03T12:28:51.388-07:00</updateDate>
            <type>7</type>
            <mandatory>false</mandatory>
            <readOnly>false</readOnly>
            <visible>true</visible>
            <query>
                <localResource exportedWithPermissions="false" xsi:type="query">
                    <folder>/public/Samples/FreshCoffee/Ad_Hoc_Views/Cafe/Ingredient_List___Milk_files/type_1_files</folder>
                    <name>type_1</name>
                    <version>0</version>
                    <label>Type</label>
                    <creationDate>2018-05-03T12:28:51.388-07:00</creationDate>
                    <updateDate>2018-05-03T12:28:51.388-07:00</updateDate>
                    <language>domain</language>
                    <queryString>&lt;?xml version="1.0" encoding="UTF-8"?&gt;
&lt;query xmlns="http://www.jaspersoft.com/2007/SL/XMLSchema"&gt;
  &lt;groupList&gt;
    &lt;group columnName="public_ingredient.type" /&gt;
  &lt;/groupList&gt;
  &lt;queryFields&gt;
    &lt;queryField id="public_ingredient.type" /&gt;
  &lt;/queryFields&gt;
&lt;/query&gt;

</queryString>
                    <dataSource>
                        <uri>/public/Samples/FreshCoffee/Domains/urban_coffee</uri>
                    </dataSource>
                </localResource>
            </query>
            <queryVisibleColumn>public_ingredient.type</queryVisibleColumn>
            <queryValueColumn>public_ingredient.type</queryValueColumn>
        </localResource>
    </inputControl>
    <resource>
        <localResource
            xmlns:xsi="http://www.w3.org/2001/XMLSchema-instance"
            exportedWithPermissions="false" dataFile="topicJRXML.data" xsi:type="fileResource">
            <folder>/public/Samples/FreshCoffee/Ad_Hoc_Views/Cafe/Ingredient_List___Milk_files</folder>
            <name>topicJRXML</name>
            <version>4</version>
            <label>topicJRXML</label>
            <creationDate>2018-05-03T12:25:09.833-07:00</creationDate>
            <updateDate>2018-05-03T12:25:09.833-07:00</updateDate>
            <fileType>jrxml</fileType>
        </localResource>
    </resource>
    <resource>
        <localResource
            xmlns:xsi="http://www.w3.org/2001/XMLSchema-instance"
            exportedWithPermissions="false" dataFile="stateXML.data" xsi:type="fileResource">
            <folder>/public/Samples/FreshCoffee/Ad_Hoc_Views/Cafe/Ingredient_List___Milk_files</folder>
            <name>stateXML</name>
            <version>4</version>
            <label>stateXML</label>
            <creationDate>2018-05-03T12:25:09.833-07:00</creationDate>
            <updateDate>2018-05-03T12:25:09.833-07:00</updateDate>
            <fileType>xml</fileType>
        </localResource>
    </resource>
    <alwaysPromptControls>false</alwaysPromptControls>
    <controlsLayout>1</controlsLayout>
</adhocDataView>
