<?xml version="1.0" encoding="UTF-8"?>
<adhocDataView exportedWithPermissions="true">
    <folder>/public/Samples/FreshCoffee/Ad_Hoc_Views/Cafe</folder>
    <name>Ingredient_Percentages</name>
    <version>0</version>
    <label>Ingredient Percentages</label>
    <description></description>
    <creationDate>2018-03-21T16:23:12.756-07:00</creationDate>
    <updateDate>2017-09-08T11:51:48.362-07:00</updateDate>
    <dataSource>
        <uri>/public/Samples/FreshCoffee/Domains/urban_coffee</uri>
    </dataSource>
    <resource>
        <localResource
            xmlns:xsi="http://www.w3.org/2001/XMLSchema-instance"
            exportedWithPermissions="false" dataFile="topicJRXML.data" xsi:type="fileResource">
            <folder>/public/Samples/FreshCoffee/Ad_Hoc_Views/Cafe/Ingredient_Percentages_files</folder>
            <name>topicJRXML</name>
            <version>0</version>
            <label>topicJRXML</label>
            <creationDate>2018-03-21T16:23:12.756-07:00</creationDate>
            <updateDate>2017-07-24T15:31:27.075-07:00</updateDate>
            <fileType>jrxml</fileType>
        </localResource>
    </resource>
    <resource>
        <localResource
            xmlns:xsi="http://www.w3.org/2001/XMLSchema-instance"
            exportedWithPermissions="false" dataFile="stateXML.data" xsi:type="fileResource">
            <folder>/public/Samples/FreshCoffee/Ad_Hoc_Views/Cafe/Ingredient_Percentages_files</folder>
            <name>stateXML</name>
            <version>0</version>
            <label>stateXML</label>
            <creationDate>2018-03-21T16:23:12.756-07:00</creationDate>
            <updateDate>2017-07-24T15:31:27.075-07:00</updateDate>
            <fileType>xml</fileType>
        </localResource>
    </resource>
    <alwaysPromptControls>false</alwaysPromptControls>
    <controlsLayout>1</controlsLayout>
</adhocDataView>
