<?xml version="1.0" encoding="UTF-8"?>
<folder exportedWithPermissions="true">
    <parent>/public/Samples/FreshCoffee/Ad_Hoc_Views</parent>
    <name>Roastery</name>
    <label>Roastery</label>
    <description>Roastery Ad Hoc views.</description>
    <creationDate>2018-03-21T16:23:11.377-07:00</creationDate>
    <updateDate>2017-05-02T10:45:27.523-07:00</updateDate>
    <resource>Average_Reduction_by_Blend_and_Country</resource>
    <resource>Coffee_List</resource>
    <resource>Coffee_List2</resource>
    <resource>Coffee_List3</resource>
    <resource>Coffee_Percentages</resource>
    <resource>Coffee_Scores</resource>
    <resource>Raw_Bean_used_by_Country_and_Blend</resource>
    <resource>Roast_efficiency</resource>
</folder>
