<?xml version="1.0" encoding="UTF-8"?>
<adhocDataView exportedWithPermissions="true">
    <folder>/public/Samples/FreshCoffee/Ad_Hoc_Views/Roastery</folder>
    <name>Average_Reduction_by_Blend_and_Country</name>
    <version>0</version>
    <label>Average Reduction by Blend and Country</label>
    <description></description>
    <creationDate>2018-03-21T16:23:13.188-07:00</creationDate>
    <updateDate>2017-07-20T23:49:51.808-07:00</updateDate>
    <dataSource>
        <uri>/public/Samples/FreshCoffee/Domains/freshcoffee_roastery</uri>
    </dataSource>
    <inputControl>
        <localResource
            xmlns:xsi="http://www.w3.org/2001/XMLSchema-instance"
            exportedWithPermissions="false" xsi:type="inputControl">
            <folder>/public/Samples/FreshCoffee/Ad_Hoc_Views/Roastery/Average_Reduction_by_Blend_and_Country_files</folder>
            <name>coffee_name_1</name>
            <version>0</version>
            <label>Coffee Name</label>
            <creationDate>2018-03-21T16:23:13.188-07:00</creationDate>
            <updateDate>2017-07-20T23:49:51.808-07:00</updateDate>
            <type>7</type>
            <mandatory>false</mandatory>
            <readOnly>false</readOnly>
            <visible>true</visible>
            <query>
                <localResource exportedWithPermissions="false" xsi:type="query">
                    <folder>/public/Samples/FreshCoffee/Ad_Hoc_Views/Roastery/Average_Reduction_by_Blend_and_Country_files/coffee_name_1_files</folder>
                    <name>coffee_name_1</name>
                    <version>0</version>
                    <label>Coffee Name</label>
                    <creationDate>2018-03-21T16:23:13.188-07:00</creationDate>
                    <updateDate>2017-07-20T23:49:51.808-07:00</updateDate>
                    <language>domain</language>
                    <queryString>&lt;?xml version="1.0" encoding="UTF-8"?&gt;
&lt;query xmlns="http://www.jaspersoft.com/2007/SL/XMLSchema"&gt;
  &lt;groupList&gt;
    &lt;group columnName="public_coffee.coffee_name" /&gt;
  &lt;/groupList&gt;
  &lt;queryFields&gt;
    &lt;queryField id="public_coffee.coffee_name" /&gt;
    &lt;queryField id="coffee_name" /&gt;
  &lt;/queryFields&gt;
&lt;/query&gt;

</queryString>
                    <dataSource>
                        <uri>/public/Samples/FreshCoffee/Domains/freshcoffee_roastery</uri>
                    </dataSource>
                </localResource>
            </query>
            <queryVisibleColumn>public_coffee.coffee_name</queryVisibleColumn>
            <queryValueColumn>public_coffee.coffee_name</queryValueColumn>
        </localResource>
    </inputControl>
    <resource>
        <localResource
            xmlns:xsi="http://www.w3.org/2001/XMLSchema-instance"
            exportedWithPermissions="false" dataFile="topicJRXML.data" xsi:type="fileResource">
            <folder>/public/Samples/FreshCoffee/Ad_Hoc_Views/Roastery/Average_Reduction_by_Blend_and_Country_files</folder>
            <name>topicJRXML</name>
            <version>0</version>
            <label>topicJRXML</label>
            <creationDate>2018-03-21T16:23:13.188-07:00</creationDate>
            <updateDate>2017-06-12T19:34:40.784-07:00</updateDate>
            <fileType>jrxml</fileType>
        </localResource>
    </resource>
    <resource>
        <localResource
            xmlns:xsi="http://www.w3.org/2001/XMLSchema-instance"
            exportedWithPermissions="false" dataFile="stateXML.data" xsi:type="fileResource">
            <folder>/public/Samples/FreshCoffee/Ad_Hoc_Views/Roastery/Average_Reduction_by_Blend_and_Country_files</folder>
            <name>stateXML</name>
            <version>0</version>
            <label>stateXML</label>
            <creationDate>2018-03-21T16:23:13.188-07:00</creationDate>
            <updateDate>2017-06-12T19:34:40.784-07:00</updateDate>
            <fileType>xml</fileType>
        </localResource>
    </resource>
    <alwaysPromptControls>false</alwaysPromptControls>
    <controlsLayout>1</controlsLayout>
</adhocDataView>
