<?xml version="1.0" encoding="UTF-8"?>
<adhocDataView exportedWithPermissions="true">
    <folder>/public/Samples/FreshCoffee/Ad_Hoc_Views/Roastery</folder>
    <name>Coffee_List</name>
    <version>0</version>
    <label>Coffee List</label>
    <description>Roastery list of coffee profiles.</description>
    <creationDate>2018-03-21T16:23:13.224-07:00</creationDate>
    <updateDate>2017-09-19T15:08:22.344-07:00</updateDate>
    <dataSource>
        <uri>/public/Samples/FreshCoffee/Domains/freshcoffee_roastery</uri>
    </dataSource>
    <inputControl>
        <localResource
            xmlns:xsi="http://www.w3.org/2001/XMLSchema-instance"
            exportedWithPermissions="false" xsi:type="inputControl">
            <folder>/public/Samples/FreshCoffee/Ad_Hoc_Views/Roastery/Coffee_List_files</folder>
            <name>origin_country_1</name>
            <version>0</version>
            <label>Country</label>
            <creationDate>2018-03-21T16:23:13.224-07:00</creationDate>
            <updateDate>2017-09-19T15:08:22.344-07:00</updateDate>
            <type>7</type>
            <mandatory>false</mandatory>
            <readOnly>false</readOnly>
            <visible>true</visible>
            <query>
                <localResource exportedWithPermissions="false" xsi:type="query">
                    <folder>/public/Samples/FreshCoffee/Ad_Hoc_Views/Roastery/Coffee_List_files/origin_country_1_files</folder>
                    <name>origin_country_1</name>
                    <version>0</version>
                    <label>Country</label>
                    <creationDate>2018-03-21T16:23:13.224-07:00</creationDate>
                    <updateDate>2017-09-19T15:08:22.344-07:00</updateDate>
                    <language>domain</language>
                    <queryString>&lt;?xml version="1.0" encoding="UTF-8"?&gt;
&lt;query xmlns="http://www.jaspersoft.com/2007/SL/XMLSchema"&gt;
  &lt;groupList&gt;
    &lt;group columnName="public_coffee.origin_country" /&gt;
  &lt;/groupList&gt;
  &lt;queryFields&gt;
    &lt;queryField id="public_coffee.origin_country" /&gt;
    &lt;queryField id="origin_country" /&gt;
  &lt;/queryFields&gt;
&lt;/query&gt;

</queryString>
                    <dataSource>
                        <uri>/public/Samples/FreshCoffee/Domains/freshcoffee_roastery</uri>
                    </dataSource>
                </localResource>
            </query>
            <queryVisibleColumn>public_coffee.origin_country</queryVisibleColumn>
            <queryValueColumn>public_coffee.origin_country</queryValueColumn>
        </localResource>
    </inputControl>
    <inputControl>
        <localResource
            xmlns:xsi="http://www.w3.org/2001/XMLSchema-instance"
            exportedWithPermissions="false" xsi:type="inputControl">
            <folder>/public/Samples/FreshCoffee/Ad_Hoc_Views/Roastery/Coffee_List_files</folder>
            <name>blend_1</name>
            <version>0</version>
            <label>Blend</label>
            <creationDate>2018-03-21T16:23:13.224-07:00</creationDate>
            <updateDate>2017-09-19T15:08:22.344-07:00</updateDate>
            <type>7</type>
            <mandatory>false</mandatory>
            <readOnly>false</readOnly>
            <visible>true</visible>
            <query>
                <localResource exportedWithPermissions="false" xsi:type="query">
                    <folder>/public/Samples/FreshCoffee/Ad_Hoc_Views/Roastery/Coffee_List_files/blend_1_files</folder>
                    <name>blend_1</name>
                    <version>0</version>
                    <label>Blend</label>
                    <creationDate>2018-03-21T16:23:13.224-07:00</creationDate>
                    <updateDate>2017-09-19T15:08:22.344-07:00</updateDate>
                    <language>domain</language>
                    <queryString>&lt;?xml version="1.0" encoding="UTF-8"?&gt;
&lt;query xmlns="http://www.jaspersoft.com/2007/SL/XMLSchema"&gt;
  &lt;groupList&gt;
    &lt;group columnName="public_coffee.blend" /&gt;
  &lt;/groupList&gt;
  &lt;queryFields&gt;
    &lt;queryField id="public_coffee.blend" /&gt;
    &lt;queryField id="blend" /&gt;
  &lt;/queryFields&gt;
&lt;/query&gt;

</queryString>
                    <dataSource>
                        <uri>/public/Samples/FreshCoffee/Domains/freshcoffee_roastery</uri>
                    </dataSource>
                </localResource>
            </query>
            <queryVisibleColumn>public_coffee.blend</queryVisibleColumn>
            <queryValueColumn>public_coffee.blend</queryValueColumn>
        </localResource>
    </inputControl>
    <inputControl>
        <localResource
            xmlns:xsi="http://www.w3.org/2001/XMLSchema-instance"
            exportedWithPermissions="false" xsi:type="inputControl">
            <folder>/public/Samples/FreshCoffee/Ad_Hoc_Views/Roastery/Coffee_List_files</folder>
            <name>garnish_1</name>
            <version>0</version>
            <label>Garnish</label>
            <creationDate>2018-03-21T16:23:13.224-07:00</creationDate>
            <updateDate>2017-09-19T15:08:22.344-07:00</updateDate>
            <type>7</type>
            <mandatory>false</mandatory>
            <readOnly>false</readOnly>
            <visible>true</visible>
            <query>
                <localResource exportedWithPermissions="false" xsi:type="query">
                    <folder>/public/Samples/FreshCoffee/Ad_Hoc_Views/Roastery/Coffee_List_files/garnish_1_files</folder>
                    <name>garnish_1</name>
                    <version>0</version>
                    <label>Garnish</label>
                    <creationDate>2018-03-21T16:23:13.224-07:00</creationDate>
                    <updateDate>2017-09-19T15:08:22.344-07:00</updateDate>
                    <language>domain</language>
                    <queryString>&lt;?xml version="1.0" encoding="UTF-8"?&gt;
&lt;query xmlns="http://www.jaspersoft.com/2007/SL/XMLSchema"&gt;
  &lt;groupList&gt;
    &lt;group columnName="public_coffee.garnish" /&gt;
  &lt;/groupList&gt;
  &lt;queryFields&gt;
    &lt;queryField id="public_coffee.garnish" /&gt;
    &lt;queryField id="garnish" /&gt;
  &lt;/queryFields&gt;
&lt;/query&gt;

</queryString>
                    <dataSource>
                        <uri>/public/Samples/FreshCoffee/Domains/freshcoffee_roastery</uri>
                    </dataSource>
                </localResource>
            </query>
            <queryVisibleColumn>public_coffee.garnish</queryVisibleColumn>
            <queryValueColumn>public_coffee.garnish</queryValueColumn>
        </localResource>
    </inputControl>
    <inputControl>
        <localResource
            xmlns:xsi="http://www.w3.org/2001/XMLSchema-instance"
            exportedWithPermissions="false" xsi:type="inputControl">
            <folder>/public/Samples/FreshCoffee/Ad_Hoc_Views/Roastery/Coffee_List_files</folder>
            <name>aroma1_1</name>
            <version>0</version>
            <label>Aroma</label>
            <creationDate>2018-03-21T16:23:13.224-07:00</creationDate>
            <updateDate>2017-09-19T15:08:22.344-07:00</updateDate>
            <type>7</type>
            <mandatory>false</mandatory>
            <readOnly>false</readOnly>
            <visible>true</visible>
            <query>
                <localResource exportedWithPermissions="false" xsi:type="query">
                    <folder>/public/Samples/FreshCoffee/Ad_Hoc_Views/Roastery/Coffee_List_files/aroma1_1_files</folder>
                    <name>aroma1_1</name>
                    <version>0</version>
                    <label>Aroma</label>
                    <creationDate>2018-03-21T16:23:13.224-07:00</creationDate>
                    <updateDate>2017-09-19T15:08:22.344-07:00</updateDate>
                    <language>domain</language>
                    <queryString>&lt;?xml version="1.0" encoding="UTF-8"?&gt;
&lt;query xmlns="http://www.jaspersoft.com/2007/SL/XMLSchema"&gt;
  &lt;groupList&gt;
    &lt;group columnName="public_coffee.aroma1" /&gt;
  &lt;/groupList&gt;
  &lt;queryFields&gt;
    &lt;queryField id="public_coffee.aroma1" /&gt;
    &lt;queryField id="aroma1" /&gt;
  &lt;/queryFields&gt;
&lt;/query&gt;

</queryString>
                    <dataSource>
                        <uri>/public/Samples/FreshCoffee/Domains/freshcoffee_roastery</uri>
                    </dataSource>
                </localResource>
            </query>
            <queryVisibleColumn>public_coffee.aroma1</queryVisibleColumn>
            <queryValueColumn>public_coffee.aroma1</queryValueColumn>
        </localResource>
    </inputControl>
    <inputControl>
        <localResource
            xmlns:xsi="http://www.w3.org/2001/XMLSchema-instance"
            exportedWithPermissions="false" xsi:type="inputControl">
            <folder>/public/Samples/FreshCoffee/Ad_Hoc_Views/Roastery/Coffee_List_files</folder>
            <name>country_code_1</name>
            <version>0</version>
            <label>country_code</label>
            <creationDate>2018-03-21T16:23:13.224-07:00</creationDate>
            <updateDate>2017-09-19T15:08:22.344-07:00</updateDate>
            <type>7</type>
            <mandatory>false</mandatory>
            <readOnly>false</readOnly>
            <visible>true</visible>
            <query>
                <localResource exportedWithPermissions="false" xsi:type="query">
                    <folder>/public/Samples/FreshCoffee/Ad_Hoc_Views/Roastery/Coffee_List_files/country_code_1_files</folder>
                    <name>country_code_1</name>
                    <version>0</version>
                    <label>country_code</label>
                    <creationDate>2018-03-21T16:23:13.224-07:00</creationDate>
                    <updateDate>2017-09-19T15:08:22.344-07:00</updateDate>
                    <language>domain</language>
                    <queryString>&lt;?xml version="1.0" encoding="UTF-8"?&gt;
&lt;query xmlns="http://www.jaspersoft.com/2007/SL/XMLSchema"&gt;
  &lt;groupList&gt;
    &lt;group columnName="public_coffee.country_code" /&gt;
  &lt;/groupList&gt;
  &lt;queryFields&gt;
    &lt;queryField id="country_code" /&gt;
    &lt;queryField id="public_coffee.country_code" /&gt;
  &lt;/queryFields&gt;
&lt;/query&gt;

</queryString>
                    <dataSource>
                        <uri>/public/Samples/FreshCoffee/Domains/freshcoffee_roastery</uri>
                    </dataSource>
                </localResource>
            </query>
            <queryVisibleColumn>public_coffee.country_code</queryVisibleColumn>
            <queryValueColumn>public_coffee.country_code</queryValueColumn>
        </localResource>
    </inputControl>
    <resource>
        <localResource
            xmlns:xsi="http://www.w3.org/2001/XMLSchema-instance"
            exportedWithPermissions="false" dataFile="topicJRXML.data" xsi:type="fileResource">
            <folder>/public/Samples/FreshCoffee/Ad_Hoc_Views/Roastery/Coffee_List_files</folder>
            <name>topicJRXML</name>
            <version>0</version>
            <label>topicJRXML</label>
            <creationDate>2018-03-21T16:23:13.224-07:00</creationDate>
            <updateDate>2017-09-19T15:08:22.344-07:00</updateDate>
            <fileType>jrxml</fileType>
        </localResource>
    </resource>
    <resource>
        <localResource
            xmlns:xsi="http://www.w3.org/2001/XMLSchema-instance"
            exportedWithPermissions="false" dataFile="stateXML.data" xsi:type="fileResource">
            <folder>/public/Samples/FreshCoffee/Ad_Hoc_Views/Roastery/Coffee_List_files</folder>
            <name>stateXML</name>
            <version>0</version>
            <label>stateXML</label>
            <creationDate>2018-03-21T16:23:13.224-07:00</creationDate>
            <updateDate>2017-09-19T15:08:22.344-07:00</updateDate>
            <fileType>xml</fileType>
        </localResource>
    </resource>
    <alwaysPromptControls>false</alwaysPromptControls>
    <controlsLayout>1</controlsLayout>
</adhocDataView>
