<?xml version="1.0" encoding="UTF-8"?>
<jdbcDataSource exportedWithPermissions="true">
    <folder>/public/Samples/FreshCoffee/Data_Sources</folder>
    <name>freshcoffee</name>
    <version>0</version>
    <label>freshcoffee</label>
    <description>Database for FreshCoffee demo.</description>
    <creationDate>2018-03-21T16:23:11.416-07:00</creationDate>
    <updateDate>2017-10-11T12:31:32.248-07:00</updateDate>
    <driver>org.postgresql.Driver</driver>
    <connectionUrl>jdbc:postgresql://localhost:5432/freshcoffee</connectionUrl>
    <connectionUser>postgres</connectionUser>
    <connectionPassword>ENC&lt;DDF6CBE98C30933744CFBB2E7D736B6B&gt;</connectionPassword>
    <timezone></timezone>
</jdbcDataSource>
