<?xml version="1.0" encoding="UTF-8"?>
<folder exportedWithPermissions="true">
    <parent>/public/Samples/FreshCoffee/Ad_Hoc_Views</parent>
    <name>Management</name>
    <label>Management</label>
    <description>Management Ad Hoc Views.</description>
    <creationDate>2018-03-21T16:23:11.358-07:00</creationDate>
    <updateDate>2017-05-02T10:43:16.111-07:00</updateDate>
    <resource>DailyDrilldown___Cost_Analysis</resource>
    <resource>DailyDrilldown___Operational_Metrics</resource>
    <resource>DailyDrilldown___Profit_Margin</resource>
    <resource>DailyDrilldown___Sales_and_Profit</resource>
    <resource>Location_List</resource>
    <resource>Net_Sales___Total_Cost_and_Gross_Profit</resource>
    <resource>Percentage_of_All_Costs</resource>
    <resource>Total_Performance_Numbers</resource>
</folder>
