<?xml version="1.0" encoding="UTF-8"?>
<folder exportedWithPermissions="true">
    <parent>/public/Samples/FreshCoffee</parent>
    <name>Domains</name>
    <label>Domains</label>
    <description>Domains for FreshCoffee demo.</description>
    <creationDate>2018-03-21T16:23:11.284-07:00</creationDate>
    <updateDate>2017-05-02T10:42:04.401-07:00</updateDate>
    <resource>freshcoffee_roastery</resource>
    <resource>freshcoffee_salesTable</resource>
    <resource>urban_coffee</resource>
</folder>
