<?xml version="1.0" encoding="UTF-8"?>
<semanticLayerDataSource exportedWithPermissions="true">
    <folder>/public/Samples/FreshCoffee/Domains</folder>
    <name>urban_coffee</name>
    <version>0</version>
    <label>urban_coffee</label>
    <description></description>
    <creationDate>2018-03-21T16:23:11.505-07:00</creationDate>
    <updateDate>2017-10-11T15:31:35.258-07:00</updateDate>
    <schema>
        <localResource
            xmlns:xsi="http://www.w3.org/2001/XMLSchema-instance"
            exportedWithPermissions="false" dataFile="schema.data" xsi:type="fileResource">
            <folder>/public/Samples/FreshCoffee/Domains/urban_coffee_files</folder>
            <name>schema</name>
            <version>0</version>
            <label>schema</label>
            <description>schema</description>
            <creationDate>2018-03-21T16:23:11.505-07:00</creationDate>
            <updateDate>2017-10-11T15:31:35.258-07:00</updateDate>
            <fileType>xml</fileType>
        </localResource>
    </schema>
    <dataSource>
        <alias>freshcoffee</alias>
        <dataSourceReference>
            <uri>/public/Samples/FreshCoffee/Data_Sources/freshcoffee</uri>
        </dataSourceReference>
    </dataSource>
</semanticLayerDataSource>
