<?xml version="1.0" encoding="UTF-8"?>
<folder exportedWithPermissions="true">
    <parent>/public/Samples/FreshCoffee</parent>
    <name>Resources</name>
    <label>Resources</label>
    <description></description>
    <creationDate>2018-03-21T16:23:11.321-07:00</creationDate>
    <updateDate>2017-05-31T10:51:17.043-07:00</updateDate>
    <resource>aroma_logo1</resource>
    <resource>aroma_logo2</resource>
    <resource>aroma_logo3</resource>
    <resource>aroma_logo4</resource>
    <resource>aroma_logo5</resource>
    <resource>aroma_logo6</resource>
    <resource>coffee_bean_icon1</resource>
    <resource>coffee_bean_icon2</resource>
    <resource>coffee_bean_icon3</resource>
    <resource>coffee_bean_icon4</resource>
    <resource>coffee_name</resource>
    <resource>logo_white.png</resource>
</folder>
