<?xml version="1.0" encoding="UTF-8"?>
<inputControl exportedWithPermissions="true">
    <folder>/public/Samples/FreshCoffee/Resources</folder>
    <name>coffee_name</name>
    <version>0</version>
    <label>Coffee Name</label>
    <description></description>
    <creationDate>2018-03-21T16:23:11.882-07:00</creationDate>
    <updateDate>2017-05-31T10:55:16.247-07:00</updateDate>
    <type>7</type>
    <mandatory>false</mandatory>
    <readOnly>false</readOnly>
    <visible>true</visible>
    <query>
        <localResource
            xmlns:xsi="http://www.w3.org/2001/XMLSchema-instance"
            exportedWithPermissions="false" xsi:type="query">
            <folder>/public/Samples/FreshCoffee/Resources/coffee_name_files</folder>
            <name>coffee_name</name>
            <version>0</version>
            <label>coffee name</label>
            <description></description>
            <creationDate>2018-03-21T16:23:11.882-07:00</creationDate>
            <updateDate>2017-05-31T10:55:16.247-07:00</updateDate>
            <language>sql</language>
            <queryString>SELECT
     coffee.coffee_name
FROM
     coffee</queryString>
            <dataSource>
                <uri>/public/Samples/FreshCoffee/Data_Sources/freshcoffee</uri>
            </dataSource>
        </localResource>
    </query>
    <queryVisibleColumn>coffee_name</queryVisibleColumn>
    <queryValueColumn>coffee_name</queryValueColumn>
</inputControl>
